run,group,config,replicate,step,density_pct,changed_elements,total_elements,layers
large-fft-a,large,fullft,a,1,12.856,1053008423,8190735360,348
large-fft-a,large,fullft,a,2,8.945,732643590,8190735360,342
large-fft-a,large,fullft,a,3,7.386,604974239,8190735360,335
large-fft-a,large,fullft,a,4,6.354,520428608,8190735360,334
large-fft-a,large,fullft,a,5,5.743,470392585,8190735360,331
large-fft-a,large,fullft,a,6,5.36,439027819,8190735360,330
large-fft-a,large,fullft,a,7,4.889,400407765,8190735360,326
large-fft-a,large,fullft,a,8,4.566,373997681,8190735360,325
large-fft-a,large,fullft,a,9,4.251,348192177,8190735360,325
large-fft-a,large,fullft,a,10,4.021,329378153,8190735360,323
large-fft-a,large,fullft,a,11,3.871,317036848,8190735360,323
large-fft-a,large,fullft,a,12,3.884,318094872,8190735360,318
large-fft-a,large,fullft,a,13,3.752,307276913,8190735360,319
large-fft-a,large,fullft,a,14,3.717,304484356,8190735360,313
large-fft-a,large,fullft,a,15,3.733,305752328,8190735360,316
large-fft-a,large,fullft,a,16,3.496,286324838,8190735360,316
large-fft-a,large,fullft,a,17,3.318,271774912,8190735360,313
large-fft-a,large,fullft,a,18,3.338,273428531,8190735360,315
large-fft-a,large,fullft,a,19,3.211,263020031,8190735360,316
large-fft-a,large,fullft,a,20,3.212,263065203,8190735360,315
large-fft-a,large,fullft,a,21,3.012,246672052,8190735360,314
large-fft-a,large,fullft,a,22,2.895,237097842,8190735360,315
large-fft-a,large,fullft,a,23,2.715,222376699,8190735360,311
large-fft-a,large,fullft,a,24,2.55,208842300,8190735360,311
large-fft-a,large,fullft,a,25,2.403,196792220,8190735360,311
large-fft-a,large,fullft,a,26,2.262,185271253,8190735360,311
large-fft-a,large,fullft,a,27,2.131,174526100,8190735360,311
large-fft-a,large,fullft,a,28,2.008,164434184,8190735360,311
large-fft-a,large,fullft,a,29,1.944,159228474,8190735360,309
large-fft-a,large,fullft,a,30,2.132,174604460,8190735360,312
large-fft-a,large,fullft,a,31,2.01,164600092,8190735360,308
large-fft-a,large,fullft,a,32,1.889,154727846,8190735360,308
large-fft-a,large,fullft,a,33,1.775,145380685,8190735360,306
large-fft-a,large,fullft,a,34,1.668,136633404,8190735360,306
large-fft-a,large,fullft,a,35,2.436,199557214,8190735360,313
large-fft-a,large,fullft,a,36,2.291,187645225,8190735360,312
large-fft-a,large,fullft,a,37,2.158,176785678,8190735360,311
large-fft-a,large,fullft,a,38,2.477,202890090,8190735360,315
large-fft-a,large,fullft,a,39,2.332,191035498,8190735360,313
large-fft-a,large,fullft,a,40,2.198,180042759,8190735360,313
large-fft-b,large,fullft,b,1,12.888,1055653395,8190735360,348
large-fft-b,large,fullft,b,2,8.893,728368437,8190735360,340
large-fft-b,large,fullft,b,3,6.94,568458102,8190735360,333
large-fft-b,large,fullft,b,4,6.088,498631024,8190735360,333
large-fft-b,large,fullft,b,5,5.441,445684736,8190735360,327
large-fft-b,large,fullft,b,6,5.145,421413946,8190735360,325
large-fft-b,large,fullft,b,7,4.833,395847932,8190735360,323
large-fft-b,large,fullft,b,8,4.631,379275301,8190735360,322
large-fft-b,large,fullft,b,9,4.31,352982152,8190735360,317
large-fft-b,large,fullft,b,10,4.175,341935689,8190735360,320
large-fft-b,large,fullft,b,11,4.028,329898460,8190735360,320
large-fft-b,large,fullft,b,12,3.897,319167618,8190735360,319
large-fft-b,large,fullft,b,13,3.741,306404871,8190735360,318
large-fft-b,large,fullft,b,14,3.568,292282720,8190735360,319
large-fft-b,large,fullft,b,15,3.455,282988506,8190735360,317
large-fft-b,large,fullft,b,16,3.33,272739419,8190735360,319
large-fft-b,large,fullft,b,17,3.252,266367423,8190735360,319
large-fft-b,large,fullft,b,18,3.326,272401661,8190735360,319
large-fft-b,large,fullft,b,19,3.204,262430182,8190735360,317
large-fft-b,large,fullft,b,20,3.157,258563409,8190735360,317
large-fft-b,large,fullft,b,21,3.139,257095250,8190735360,314
large-fft-b,large,fullft,b,22,2.95,241630732,8190735360,313
large-fft-b,large,fullft,b,23,3.073,251703311,8190735360,310
large-fft-b,large,fullft,b,24,3.64,298149583,8190735360,315
large-fft-b,large,fullft,b,25,3.408,279116581,8190735360,313
large-fft-b,large,fullft,b,26,3.194,261648787,8190735360,312
large-fft-b,large,fullft,b,27,3.229,264512904,8190735360,313
large-fft-b,large,fullft,b,28,3.043,249220005,8190735360,312
large-fft-b,large,fullft,b,29,2.872,235248596,8190735360,311
large-fft-b,large,fullft,b,30,2.815,230608383,8190735360,314
large-fft-b,large,fullft,b,31,2.843,232887849,8190735360,316
large-fft-b,large,fullft,b,32,2.678,219344125,8190735360,315
large-fft-b,large,fullft,b,33,2.528,207080964,8190735360,314
large-fft-b,large,fullft,b,34,2.38,194966984,8190735360,312
large-fft-b,large,fullft,b,35,2.246,183926199,8190735360,312
large-fft-b,large,fullft,b,36,2.198,180046337,8190735360,313
large-fft-b,large,fullft,b,37,2.067,169324575,8190735360,312
large-fft-b,large,fullft,b,38,1.947,159481483,8190735360,311
large-fft-b,large,fullft,b,39,1.847,151261779,8190735360,310
large-fft-b,large,fullft,b,40,1.782,145943788,8190735360,310
small-fft-a,small,fullft,a,1,11.483,68446822,596049920,263
small-fft-a,small,fullft,a,2,7.514,44788459,596049920,258
small-fft-a,small,fullft,a,3,5.934,35370099,596049920,257
small-fft-a,small,fullft,a,4,4.962,29575958,596049920,255
small-fft-a,small,fullft,a,5,4.52,26940133,596049920,254
small-fft-a,small,fullft,a,6,4.062,24213066,596049920,251
small-fft-a,small,fullft,a,7,3.869,23063658,596049920,255
small-fft-a,small,fullft,a,8,3.575,21308736,596049920,253
small-fft-a,small,fullft,a,9,3.482,20756433,596049920,253
small-fft-a,small,fullft,a,10,3.385,20174849,596049920,251
small-fft-a,small,fullft,a,11,3.27,19489262,596049920,250
small-fft-a,small,fullft,a,12,3.092,18426969,596049920,251
small-fft-a,small,fullft,a,13,3.099,18470539,596049920,251
small-fft-a,small,fullft,a,14,2.872,17120023,596049920,251
small-fft-a,small,fullft,a,15,2.85,16988440,596049920,251
small-fft-a,small,fullft,a,16,2.738,16319296,596049920,251
small-fft-a,small,fullft,a,17,2.643,15752242,596049920,249
small-fft-a,small,fullft,a,18,2.599,15489736,596049920,247
small-fft-a,small,fullft,a,19,2.601,15505050,596049920,246
small-fft-a,small,fullft,a,20,2.602,15511763,596049920,249
small-fft-a,small,fullft,a,21,2.485,14811680,596049920,246
small-fft-a,small,fullft,a,22,2.421,14432371,596049920,244
small-fft-a,small,fullft,a,23,2.374,14147621,596049920,247
small-fft-a,small,fullft,a,24,2.362,14078417,596049920,247
small-fft-a,small,fullft,a,25,2.31,13769450,596049920,245
small-fft-a,small,fullft,a,26,2.307,13747916,596049920,249
small-fft-a,small,fullft,a,27,2.229,13285115,596049920,248
small-fft-a,small,fullft,a,28,2.144,12778265,596049920,247
small-fft-a,small,fullft,a,29,2.165,12907398,596049920,247
small-fft-a,small,fullft,a,30,2.157,12859160,596049920,246
small-fft-a,small,fullft,a,31,2.119,12631308,596049920,247
small-fft-a,small,fullft,a,32,2.149,12807179,596049920,250
small-fft-a,small,fullft,a,33,2.161,12882202,596049920,246
small-fft-a,small,fullft,a,34,2.136,12729059,596049920,245
small-fft-a,small,fullft,a,35,2.158,12862247,596049920,248
small-fft-a,small,fullft,a,36,2.217,13216535,596049920,246
small-fft-a,small,fullft,a,37,2.202,13123613,596049920,246
small-fft-a,small,fullft,a,38,2.202,13125289,596049920,246
small-fft-a,small,fullft,a,39,2.126,12674559,596049920,245
small-fft-a,small,fullft,a,40,2.175,12964330,596049920,246
small-fft-b,small,fullft,b,1,11.836,70545879,596049920,263
small-fft-b,small,fullft,b,2,7.551,45010212,596049920,259
small-fft-b,small,fullft,b,3,6.092,36309923,596049920,256
small-fft-b,small,fullft,b,4,5.24,31235877,596049920,254
small-fft-b,small,fullft,b,5,4.574,27265221,596049920,252
small-fft-b,small,fullft,b,6,4.133,24635914,596049920,253
small-fft-b,small,fullft,b,7,3.902,23257105,596049920,251
small-fft-b,small,fullft,b,8,3.777,22512577,596049920,248
small-fft-b,small,fullft,b,9,3.539,21092792,596049920,249
small-fft-b,small,fullft,b,10,3.389,20201994,596049920,250
small-fft-b,small,fullft,b,11,3.181,18962850,596049920,249
small-fft-b,small,fullft,b,12,3.026,18037160,596049920,249
small-fft-b,small,fullft,b,13,3.034,18083817,596049920,249
small-fft-b,small,fullft,b,14,2.892,17235975,596049920,246
small-fft-b,small,fullft,b,15,2.769,16501898,596049920,246
small-fft-b,small,fullft,b,16,2.793,16649782,596049920,247
small-fft-b,small,fullft,b,17,2.729,16264356,596049920,246
small-fft-b,small,fullft,b,18,2.597,15477838,596049920,246
small-fft-b,small,fullft,b,19,2.529,15075418,596049920,243
small-fft-b,small,fullft,b,20,2.403,14321280,596049920,247
small-fft-b,small,fullft,b,21,2.401,14310943,596049920,246
small-fft-b,small,fullft,b,22,2.373,14144025,596049920,247
small-fft-b,small,fullft,b,23,2.274,13552185,596049920,246
small-fft-b,small,fullft,b,24,2.21,13175605,596049920,247
small-fft-b,small,fullft,b,25,2.166,12908368,596049920,246
small-fft-b,small,fullft,b,26,2.069,12333163,596049920,247
small-fft-b,small,fullft,b,27,2.14,12758193,596049920,247
small-fft-b,small,fullft,b,28,2.159,12869419,596049920,247
small-fft-b,small,fullft,b,29,2.173,12952199,596049920,249
small-fft-b,small,fullft,b,30,2.119,12627644,596049920,247
small-fft-b,small,fullft,b,31,2.104,12539713,596049920,244
small-fft-b,small,fullft,b,32,2.034,12122746,596049920,244
small-fft-b,small,fullft,b,33,2.211,13177718,596049920,243
small-fft-b,small,fullft,b,34,2.146,12791320,596049920,245
small-fft-b,small,fullft,b,35,2.044,12184451,596049920,244
small-fft-b,small,fullft,b,36,2.138,12744863,596049920,243
small-fft-b,small,fullft,b,37,2.114,12598264,596049920,239
small-fft-b,small,fullft,b,38,2.067,12319776,596049920,245
small-fft-b,small,fullft,b,39,2.01,11982013,596049920,244
small-fft-b,small,fullft,b,40,2.025,12067843,596049920,244
