arm,step,reward,entropy,kl,step_seconds
fullft,0,0.10468749999999999,0.44923293590545654,0.0003334147040732205,180.32679593807552
fullft,1,0.23593749999999997,0.3846690356731415,0.0006017421837896109,44.713246750994585
fullft,2,0.31562499999999993,0.4133809804916382,0.0007658143877051771,44.34413487405982
fullft,3,0.4140625,0.38523271679878235,0.0006288319127634168,42.48189164698124
fullft,4,0.5562499999999999,0.3486374616622925,0.0005159016000106931,42.23983669106383
fullft,5,0.38593749999999993,0.4127824902534485,0.0010515792528167367,41.059387882007286
fullft,6,0.28281249999999997,0.3941328823566437,0.0004309701034799218,42.16972096101381
fullft,7,0.5671875000000001,0.35650429129600525,0.000619179685600102,40.48317932197824
fullft,8,0.50625,0.3930354416370392,0.00045447307638823986,41.23767017794307
fullft,9,0.5078125,0.3510461151599884,0.0006429877248592675,39.99820874701254
fullft,10,0.653125,0.39087778329849243,0.000741582945920527,41.265288551920094
fullft,11,0.25,0.39053604006767273,0.0006773361819796264,45.035062100039795
fullft,12,0.64375,0.35221439599990845,0.0007896709721535444,39.136205659015104
fullft,13,0.4359375,0.415765643119812,0.0007106125704012811,47.18884229299147
fullft,14,0.540625,0.3845340609550476,0.0005660394090227783,40.67895184701774
fullft,15,0.7015625,0.2852935791015625,0.0006412504008039832,42.41873226000462
fullft,16,0.5359375,0.4128451943397522,0.0009618931799195707,39.653353690053336
fullft,17,0.6796875,0.33699795603752136,0.0003843263257294893,37.179620358976535
fullft,18,0.55,0.40115758776664734,0.000788580859079957,37.43614228302613
fullft,19,0.41093749999999996,0.3486747443675995,0.0009179242770187557,38.73870984301902
fullft,20,0.7328125,0.36369526386260986,0.0007267344044521451,36.83569352095947
fullft,21,0.7328125,0.25527963042259216,0.00014557121903635561,36.94064905401319
fullft,22,0.7171875,0.36063435673713684,0.0006735456408932805,37.37279003497679
fullft,23,0.6703125,0.2781200408935547,0.0002906177833210677,37.72222657094244
fullft,24,0.490625,0.3200046718120575,0.0007607578882016242,38.7857812109869
fullft,25,0.73125,0.31643053889274597,0.0005741395871154964,38.22159171907697
fullft,26,0.7171875,0.35236188769340515,0.000958440185058862,36.60339288902469
fullft,27,0.840625,0.2606787383556366,0.0007356348214671016,34.97850020008627
fullft,28,0.7296875,0.26496970653533936,0.00047958630602806807,38.783026114921086
fullft,29,0.5453125,0.37707021832466125,0.000743489246815443,40.288507063058205
fullft,30,0.6468750000000001,0.2915562391281128,0.000778313959017396,37.43785275600385
fullft,31,0.7625,0.2936258316040039,0.00046477638534270227,38.27327471203171
fullft,32,0.48125,0.3363790512084961,0.00021922713494859636,37.686675350996666
fullft,33,0.859375,0.30757978558540344,0.0003963366034440696,40.15959257702343
fullft,34,0.5046875000000001,0.4001920223236084,0.0008652287651784718,39.27186205703765
fullft,35,0.7093750000000001,0.32742488384246826,0.0009053481626324356,36.829668377991766
fullft,36,0.746875,0.30914291739463806,0.0004889426054432988,37.33972057304345
fullft,37,0.565625,0.310027539730072,0.00031672953628003597,40.075297741102986
fullft,38,0.9046875,0.24973061680793762,0.0008653450640849769,36.48413185402751
fullft,39,0.6921875,0.4144427478313446,0.0006987935048528016,38.295004512998275
fullft,40,0.621875,0.26769065856933594,0.0006397934630513191,38.248510836972855
fullft,41,0.659375,0.36211302876472473,0.0006611155113205314,37.021405557054095
fullft,42,0.34375,0.44432342052459717,7.259674748638645e-05,38.24142099590972
fullft,43,0.65,0.30711331963539124,0.0007967872661538422,37.47284413699526
fullft,44,0.71875,0.29128214716911316,0.0004820591420866549,40.66679413698148
fullft,45,0.9359375,0.26989349722862244,0.0003030687221325934,36.98061077296734
fullft,46,0.7171875,0.2598721981048584,0.00033523235470056534,37.51989109197166
fullft,47,0.7484375,0.2627905011177063,0.00019587214046623558,36.668874655035324
fullft,48,0.7609375,0.3000604510307312,0.0004858215106651187,36.177266377955675
fullft,49,0.875,0.2620891332626343,0.00048496993258595467,35.680151292006485
lora-r1,0,0.15312499999999998,0.4457322955131531,0.00045687510282732546,258.64962207106873
lora-r1,1,0.20312499999999994,0.38578423857688904,0.0006354397046379745,82.76521905104164
lora-r1,2,0.24687499999999996,0.4262981712818146,0.0007953838212415576,85.34733896807302
lora-r1,3,0.30937499999999996,0.4321514070034027,0.001178489881567657,84.59397765400354
lora-r1,4,0.4453125,0.3630971908569336,0.0004851857083849609,85.69806999305729
lora-r1,5,0.2671875,0.42726606130599976,0.0007088275160640478,85.08319532102905
lora-r1,6,0.18124999999999997,0.43487611413002014,0.0007968180580064654,85.6035907510668
lora-r1,7,0.5109375,0.3805651366710663,0.0004483554803300649,85.81843783298973
lora-r1,8,0.3625,0.4433753490447998,0.0006146252271719277,84.54328373004682
lora-r1,9,0.42500000000000004,0.40183553099632263,0.0007473381119780242,85.29821831197478
lora-r1,10,0.496875,0.4212605655193329,0.0008557987166568637,85.36854542407673
lora-r1,11,0.30156249999999996,0.4411107003688812,0.0007910145213827491,85.6543923219433
lora-r1,12,0.590625,0.41804689168930054,0.0007882077479735017,85.26233529299498
lora-r1,13,0.3765625,0.4590068459510803,0.00034015809069387615,85.40236443397589
lora-r1,14,0.42500000000000004,0.4268891215324402,0.0008588260971009731,85.43313711299561
lora-r1,15,0.7484375,0.3358941078186035,0.00018347201694268733,85.01258576707914
lora-r1,16,0.621875,0.4176667034626007,0.00079784553963691,85.63834046607371
lora-r1,17,0.7484375,0.3823312520980835,0.0007385144708678126,85.12959464394953
lora-r1,18,0.66875,0.43510493636131287,0.0007270848145708442,85.32911907299422
lora-r1,19,0.5125,0.37664854526519775,0.00041566623258404434,85.16559693205636
lora-r1,20,0.815625,0.3547712564468384,0.0007863235077820718,86.23116682295222
lora-r1,21,0.8796875,0.30765724182128906,0.0004565704439301044,85.26927477505524
lora-r1,22,0.69375,0.3668152391910553,0.001078209257684648,83.80795308505185
lora-r1,23,0.709375,0.29977184534072876,0.0007537873461842537,85.40751181100495
lora-r1,24,0.5390625,0.3467196822166443,0.0010725571773946285,85.74117675493471
lora-r1,25,0.8203125,0.3400838375091553,0.0010721158469095826,84.7449542110553
lora-r1,26,0.76875,0.39097365736961365,0.001047236961312592,84.89089954900555
lora-r1,27,0.9,0.3210943341255188,0.0005432823090814054,82.42296975397039
lora-r1,28,0.684375,0.2911316752433777,0.00037617317866533995,83.69227707397658
lora-r1,29,0.6031249999999999,0.3434396982192993,0.0008485731086693704,84.71100333996583
lora-r1,30,0.625,0.34232237935066223,0.0006022973684594035,83.95660667994525
lora-r1,31,0.8234375,0.3110434114933014,0.0005733912694267929,83.7295571869472
lora-r1,32,0.4890625,0.3613949418067932,0.0006849606870673597,84.27404092100915
lora-r1,33,0.859375,0.3197581171989441,0.0005501031992025673,84.35567031695973
lora-r1,34,0.6531250000000001,0.36328262090682983,0.0006172250141389668,84.82865437003784
lora-r1,35,0.7234375,0.32335951924324036,0.0005514781805686653,83.60355102503672
lora-r1,36,0.6,0.30909988284111023,0.00039300991920754313,83.237801401061
lora-r1,37,0.4984375,0.29905807971954346,0.0010067615658044815,85.01773085002787
lora-r1,38,0.840625,0.2791805863380432,0.00034325444721616805,81.24490838102065
lora-r1,39,0.5531250000000001,0.37568700313568115,0.001014511683024466,82.62441905995365
lora-r1,40,0.4828125,0.2953273057937622,0.0006374139338731766,84.96530360891484
lora-r1,41,0.6656249999999999,0.3117069900035858,0.0008885005372576416,83.75029328104574
lora-r1,42,0.5109375,0.3507337272167206,0.0007896938477642834,84.43878764100373
lora-r1,43,0.6734375,0.29667919874191284,0.00039401353569701314,83.5293820699444
lora-r1,44,0.759375,0.26751020550727844,0.00045548417256213725,82.06881289300509
lora-r1,45,0.8921875,0.2827979326248169,0.0010219075484201312,83.02708276908379
lora-r1,46,0.7328125000000001,0.2739366292953491,0.00044071589945815504,84.2963389310753
lora-r1,47,0.7953125000000001,0.2702699601650238,0.0004965144908055663,82.57988718198612
lora-r1,48,0.8015625,0.28808948397636414,0.0005593553651124239,83.20671748300083
lora-r1,49,0.8453125000000001,0.2806236445903778,0.00022328627528622746,83.36188572307583
lora-r32,0,0.203125,0.44275549054145813,0.000836690713185817,259.07877497409936
lora-r32,1,0.23437499999999997,0.3944507837295532,0.0008528004982508719,82.72037635801826
lora-r32,2,0.29374999999999996,0.4325200319290161,0.0007387840305455029,85.45134138397407
lora-r32,3,0.559375,0.41063976287841797,0.0006839846028015018,84.60252450103872
lora-r32,4,0.6703125,0.33488619327545166,0.0007036859169602394,85.72773511102423
lora-r32,5,0.44375,0.40654250979423523,0.0007106856792233884,85.14909100206569
lora-r32,6,0.43124999999999997,0.40494588017463684,0.0007178859086707234,85.47870227193926
lora-r32,7,0.7921875,0.3567761480808258,0.0006514435517601669,86.08901718701236
lora-r32,8,0.6875,0.3632524907588959,0.0008252693805843592,84.17113363801036
lora-r32,9,0.5890625,0.3347199261188507,0.00045720991329289973,85.31118666904513
lora-r32,10,0.715625,0.37587133049964905,0.0007979765650816262,85.43851656909101
lora-r32,11,0.3359375,0.39804211258888245,0.0008588677155785263,85.61780456791166
lora-r32,12,0.75,0.3514789938926697,0.0007353290566243231,85.24067177600227
lora-r32,13,0.484375,0.3854365050792694,0.00021398365788627416,85.38060803001281
lora-r32,14,0.5625,0.3338060677051544,0.0010560847586020827,85.47614333801903
lora-r32,15,0.825,0.29146379232406616,0.00035207526525482535,85.03209151001647
lora-r32,16,0.61875,0.39837580919265747,0.0008764596423134208,85.5940710878931
lora-r32,17,0.7578125,0.34427207708358765,0.0006146437372080982,85.24812814500183
lora-r32,18,0.609375,0.4024447798728943,0.00020785699598491192,85.36052243004087
lora-r32,19,0.49062500000000003,0.32513222098350525,0.0005160642904229462,85.32463973900303
lora-r32,20,0.8546875,0.30355435609817505,0.0006989483372308314,86.12998809490819
lora-r32,21,0.859375,0.24219782650470734,0.0008237513829953969,85.19382368098013
lora-r32,22,0.6781250000000001,0.34286341071128845,0.0007503508822992444,83.74749978200998
lora-r32,23,0.715625,0.2528032958507538,0.00028534411103464663,85.42755959695205
lora-r32,24,0.496875,0.30603960156440735,0.0005714723374694586,85.90478352399077
lora-r32,25,0.840625,0.28465181589126587,0.00045679902541451156,84.7843027919298
lora-r32,26,0.875,0.3128148317337036,0.0007354672998189926,84.90208115696441
lora-r32,27,0.9328125,0.25678834319114685,0.0007464606314897537,82.35205291199964
lora-r32,28,0.8078125,0.24363765120506287,9.525765926809981e-05,83.69452189200092
lora-r32,29,0.765625,0.30096831917762756,0.0004998857039026916,84.71715086896438
lora-r32,30,0.7109375,0.29648956656455994,0.0011414133477956057,83.98833022592589
lora-r32,31,0.84375,0.24536637961864471,0.0006977259763516486,83.72819069307297
lora-r32,32,0.6000000000000001,0.312472939491272,0.000800553010776639,84.28778718109243
lora-r32,33,0.875,0.2638967037200928,0.0010216026566922665,84.2805709100794
lora-r32,34,0.6937500000000001,0.3629620373249054,0.0008253499399870634,84.89880324702244
lora-r32,35,0.790625,0.2876947522163391,0.000736770685762167,83.70465058193076
lora-r32,36,0.778125,0.28267186880111694,0.00043615230242721736,83.22887582995463
lora-r32,37,0.55625,0.25074321031570435,0.0007370252860710025,84.94096531998366
lora-r32,38,0.934375,0.22593024373054504,0.0003620024654082954,81.34721034800168
lora-r32,39,0.6453125000000001,0.37817302346229553,0.0007120728841982782,82.59174971992616
lora-r32,40,0.65,0.26343467831611633,0.000949451990891248,85.02815759601071
lora-r32,41,0.80625,0.2879346013069153,0.000563930079806596,83.75893521297257
lora-r32,42,0.54375,0.4489877223968506,0.00041399718611501157,84.36244572908618
lora-r32,43,0.7453125,0.29211241006851196,0.0014865414705127478,83.64273764297832
lora-r32,44,0.796875,0.24626678228378296,0.0006282085087150335,82.11584766895976
lora-r32,45,0.9484375,0.27062374353408813,0.001049551647156477,83.02767843997572
lora-r32,46,0.7484375,0.2295013666152954,0.0010163753759115934,84.30373879801482
lora-r32,47,0.9203125,0.24901443719863892,0.0005121863214299083,82.61729825194925
lora-r32,48,0.84375,0.26328641176223755,0.000157304632011801,83.185167188989
lora-r32,49,0.871875,0.24971580505371094,0.00048486553714610636,83.36669977905694
